{"cameraMode":{"drawMode":0,"name":"Shaded","section":"Shading Mode"},"sceneLighting":false,"audioPlay":false,"sceneViewState":{"m_AlwaysRefresh":false,"showFog":true,"showSkybox":true,"showFlares":true,"showImageEffects":true,"showParticleSystems":true,"showVisualEffectGraphs":true,"m_FxEnabled":true},"in2DMode":false,"pivot":{"x":-14.284908294677735,"y":-0.9848186373710632,"z":17.814802169799806},"rotation":{"x":-0.11904089897871018,"y":0.8514165282249451,"z":-0.22118310630321504,"w":-0.46121692657470705},"size":13.80788516998291,"orthographic":false}